Rk,School,Conf,,W,L,Pts,Opp,MOV,,SOS,,OSRS,DSRS,SRS,ORtg,DRtg,NRtg
1,Duke,ACC,,31,3,82.7,61.9,20.79,,9.51,,14.05,16.26,30.31,130.24,85.97,44.26
2,Auburn,SEC,,28,5,83.8,69.6,14.24,,15.33,,17.94,11.63,29.57,130.71,89.21,41.5
3,Houston,Big 12,,30,4,74.2,58.5,15.74,,12.7,,7.47,20.97,28.44,125.53,82.59,42.93
4,Florida,SEC,,30,4,85.4,69.2,16.18,,11.81,,17.8,10.18,27.98,128.17,89.09,39.08
5,Alabama,SEC,,25,8,91.1,81.4,9.7,,16.26,,24.71,1.25,25.96,127.91,92.51,35.41
6,Tennessee,SEC,,27,7,74.7,63,11.71,,13.15,,6.37,18.49,24.86,121.24,85.26,35.98
7,Texas Tech,Big 12,,25,8,80.9,67.6,13.33,,10.57,,13.58,10.32,23.9,127.75,92.78,34.97
8,Gonzaga,WCC,,25,8,86.6,69.6,17,,6.62,,17.27,6.35,23.62,125.02,92.14,32.88
9,Maryland,Big Ten,,25,8,81.7,67,14.67,,8.86,,12.54,10.99,23.53,120.82,88.54,32.28
10,Arizona,Big 12,,22,12,81.7,72.4,9.29,,13.82,,16.13,6.99,23.12,124.52,91.89,32.63
11,Iowa State,Big 12,,24,9,80.4,68.1,12.3,,10.73,,12.56,10.47,23.04,121.37,88.81,32.56
12,Michigan State,Big Ten,,27,6,78.2,67.2,10.91,,11.56,,9.96,12.51,22.46,120.38,88.67,31.71
13,St. John's (NY),Big East,,30,4,78.7,65.9,12.82,,8.93,,10.7,11.06,21.76,115.58,85.11,30.47
14,Illinois,Big Ten,,21,12,83.8,74.6,9.21,,12.49,,17.06,4.64,21.7,123.46,93.58,29.89
15,Kentucky,SEC,,22,11,85.3,77.9,7.42,,14.18,,17.8,3.81,21.61,125.97,95.92,30.05
16,Wisconsin,Big Ten,,26,9,79.7,70.4,9.29,,11.65,,12.09,8.85,20.94,123.23,93.58,29.65
17,Kansas,Big 12,,21,12,76.2,69.3,6.94,,13.77,,9.94,10.76,20.7,118.46,88.6,29.87
18,Purdue,Big Ten,,22,11,77.9,71.1,6.79,,13.89,,10.7,9.98,20.68,126.38,96.86,29.52
19,Missouri,SEC,,22,11,84.5,73.8,10.61,,9.78,,15.21,5.18,20.39,126.58,97.9,28.68
20,Michigan,Big Ten,,25,9,78.3,71.2,7.03,,13.13,,11.63,8.53,20.16,118.14,90.33,27.81
21,Texas A&M,SEC,,22,10,74.3,67.9,6.38,,13.66,,7.28,12.76,20.04,118.09,89.13,28.96
22,Brigham Young,Big 12,,24,9,81,70.9,10.09,,9.71,,13.6,6.2,19.8,124.47,96.27,28.2
23,Baylor,Big 12,,19,14,76.5,69.2,7.3,,13.57,,10.09,9.33,19.42,124.06,96.17,27.9
24,Louisville,ACC,,27,7,78.6,68.9,9.68,,9.61,,10.74,8.55,19.29,119.72,92.54,27.18
25,UCLA,Big Ten,,22,10,74.8,65.7,9.03,,10.19,,5.89,13.33,19.22,119.73,92.18,27.55
26,Marquette,Big East,,23,10,76.9,68.5,8.33,,10.55,,9.83,9.05,18.88,119.65,92.84,26.81
27,Clemson,ACC,,27,6,76.3,65.7,10.67,,7.84,,7.07,11.44,18.5,120.6,93.1,27.5
28,Mississippi,SEC,,22,11,77.2,71.7,5.45,,12.47,,9.72,8.2,17.92,118.67,93.14,25.53
29,Ohio State,Big Ten,,17,15,78.8,73.5,5.28,,12.6,,11.15,6.72,17.88,119.91,95.1,24.8
30,Connecticut,Big East,,23,10,77.4,68,9.36,,8.47,,8.78,9.05,17.83,123.71,98,25.71
31,Saint Mary's (CA),WCC,,28,5,73.5,60.7,12.85,,5.74,,1.47,16.26,17.74,117.19,90.31,26.89
32,Mississippi State,SEC,,21,12,79.8,74.2,5.61,,11.92,,11.49,6.04,17.53,120.68,95.85,24.83
33,Oregon,Big Ten,,24,9,76.2,70.9,5.27,,12.21,,9.03,8.45,17.49,118.32,93.57,24.75
34,Georgia,SEC,,20,12,75.6,69.3,6.25,,10.98,,6.72,10.51,17.23,117.42,93.21,24.21
35,North Carolina,ACC,,22,13,80.8,75,5.83,,11.33,,14.01,3.15,17.16,120.72,96.47,24.24
36,Arkansas,SEC,,20,13,76.6,71.2,5.45,,11.18,,8.29,8.35,16.64,114.72,91.83,22.9
37,Creighton,Big East,,24,10,75.2,69.5,5.71,,10.64,,8.23,8.12,16.35,119.12,95.54,23.58
38,Texas,SEC,,19,15,78.4,72.2,6.21,,9.98,,10.19,5.99,16.18,119.83,96.97,22.86
39,Xavier,Big East,,21,11,78,70.9,7.16,,8.41,,10.13,5.43,15.56,118.13,96.18,21.95
40,Oklahoma,SEC,,20,13,78.8,74.8,4,,11.42,,10.63,4.79,15.42,120.68,98.83,21.86
41,West Virginia,Big 12,,19,13,68.2,64.8,3.34,,11.94,,1.38,13.9,15.28,112.31,90.55,21.76
42,Virginia Commonwealth,A-10,,28,6,77.1,62.4,14.74,,1.35,,5.01,10.16,15.17,116.19,93.51,22.68
43,New Mexico,MWC,,26,7,81.2,70.8,10.48,,5.96,,11.67,3.48,15.15,113.45,92.83,20.62
44,Vanderbilt,SEC,,20,12,79.6,74.8,4.84,,10.18,,11.71,3.31,15.02,119.71,98.62,21.1
45,Southern Methodist,ACC,,23,10,80,71.1,8.91,,6.02,,10.38,4.55,14.93,117.93,97.48,20.45
46,Indiana,Big Ten,,19,13,74.7,72,2.63,,11.97,,6.93,7.66,14.59,114.94,94.36,20.59
47,Cincinnati,Big 12,,18,15,70.5,65.7,4.82,,9.76,,2.63,11.95,14.58,113.51,92.94,20.57
48,Northwestern,Big Ten,,17,16,72.4,69.2,3.27,,11.24,,4.4,10.11,14.51,115.25,94.58,20.67
49,Utah State,MWC,,26,7,80.9,70,10.91,,5.21,,11.34,3.12,14.46,122.77,101.7,21.08
50,Colorado State,MWC,,25,9,75.2,67.1,8.15,,5.75,,6.07,7.83,13.9,117.45,96.91,20.54
51,Boise State,MWC,,24,10,74.9,66.1,8.82,,5.85,,5.16,8.72,13.88,118.5,98.1,20.4
52,San Diego State,MWC,,21,9,70.9,63.6,7.23,,8.04,,1.59,12.18,13.77,111.05,90.83,20.22
53,Penn State,Big Ten,,16,15,79.1,73.2,5.87,,7.75,,9.57,4.06,13.62,116.25,97.94,18.31
54,Pittsburgh,ACC,,17,15,75.9,70.8,5.03,,8.56,,6.95,6.65,13.59,117.28,98.36,18.92
55,Villanova,Big East,,19,14,73.4,67.5,5.88,,7.45,,4.91,8.42,13.33,120.82,101.09,19.72
56,Santa Clara,WCC,,20,12,81.3,72.8,8.44,,4.71,,10.12,3.03,13.15,117.71,99.14,18.58
57,UC San Diego,Big West,,30,4,79.8,61.6,18.15,,-2.07,,3.96,9.07,13.02,114.52,95.34,19.19
58,Nebraska,Big Ten,,17,14,75.4,72.9,2.52,,10.46,,6.59,6.38,12.97,114.21,96.02,18.19
59,Iowa,Big Ten,,17,16,82.5,79.7,2.79,,10.1,,13.49,-0.61,12.88,122.09,104.68,17.41
60,Memphis,AAC,,29,5,80.1,73.2,6.91,,5.69,,9.4,3.2,12.61,114.45,96.73,17.72
61,Southern California,Big Ten,,16,17,76.9,75.5,1.39,,11.05,,9.16,3.29,12.45,118.07,100.75,17.32
62,Utah,Big 12,,16,16,75.3,72.2,3.09,,8.84,,7.19,4.75,11.94,114.25,97.67,16.58
63,Kansas State,Big 12,,16,17,70.8,69.6,1.21,,10.08,,3.43,7.86,11.29,112.42,96.59,15.83
64,Arizona State,Big 12,,13,19,73.9,76.5,-2.53,,13.72,,7.09,4.1,11.19,113.51,97.42,16.09
65,San Francisco,WCC,,24,9,75.9,68.9,7.03,,4.21,,4.37,6.59,10.96,112.12,96.43,15.68
66,TCU,Big 12,,16,16,67.6,68.7,-1.16,,12.05,,0.73,10.16,10.89,109.33,93.66,15.66
67,UCF,Big 12,,17,16,79.3,80.1,-0.82,,11.51,,12.83,-2.14,10.69,116.25,100.09,16.17
68,Colorado,Big 12,,14,20,69.9,71.5,-1.56,,12.07,,3.53,6.99,10.52,110.84,95.82,15.02
69,Rutgers,Big Ten,,15,17,77,77.6,-0.53,,10.98,,9.6,0.85,10.45,115.75,101.39,14.37
70,Butler,Big East,,14,19,73.8,73.8,0.03,,10.29,,7.17,3.16,10.32,117.21,102.59,14.62
71,Louisiana State,SEC,,14,18,73.8,73.6,0.25,,10.01,,5.1,5.16,10.26,111,96.98,14.02
72,South Carolina,SEC,,12,20,69.8,71.4,-1.66,,11.89,,1.55,8.69,10.23,111.25,96.76,14.5
73,Wake Forest,ACC,,21,11,70.2,68,2.16,,7.75,,1.07,8.83,9.9,108.55,94.37,14.18
74,Nevada,MWC,,17,16,72.3,68.1,4.18,,5.56,,2.35,7.39,9.74,115.17,101.16,14.02
75,Dayton,A-10,,22,10,75.2,70.1,5.13,,4.66,,5.69,3.58,9.27,116.52,102.96,13.56
76,Stanford,ACC,,20,13,73,70.6,2.42,,6.71,,3.27,5.86,9.13,114.02,100.8,13.22
77,Drake,MVC,,30,3,70.1,58.4,11.67,,0.06,,-4.82,13.85,9.03,114.23,98.76,15.48
78,McNeese State,Southland,,27,6,77.2,64,13.21,,-2.35,,2.26,6.62,8.88,114.2,100.77,13.43
79,Florida State,ACC,,17,15,74.5,72.5,2,,6.8,,4.85,3.95,8.8,109.38,97.63,11.76
80,Oregon State,WCC,,20,12,76.3,68.8,7.53,,2.16,,3.99,4.79,8.78,117.91,105.02,12.89
81,Georgetown,Big East,,17,15,71.7,68.8,2.84,,5.86,,2.39,6.31,8.7,109.66,97.5,12.16
82,Minnesota,Big Ten,,15,17,68.1,69.7,-1.66,,10.16,,-0.2,8.71,8.51,111.07,99.36,11.71
83,Liberty,CUSA,,28,6,76.6,62.9,13.68,,-1.39,,1.25,6.97,8.22,111.96,99.26,12.71
84,Saint Joseph's,A-10,,22,12,75.4,68.6,6.74,,1.33,,4.11,3.95,8.06,111.05,99.25,11.81
85,UC Irvine,Big West,,28,6,75.9,66.2,9.68,,-1,,2.36,5.69,8.06,106.63,95.52,11.11
86,North Texas,AAC,,24,8,68.1,59.7,8.41,,0.5,,-5.61,13.44,7.83,111.67,98.57,13.1
87,George Mason,A-10,,26,8,70.9,63.3,7.62,,1.22,,-1.76,9.47,7.71,106.98,95.31,11.67
88,Providence,Big East,,12,20,71.3,72.5,-1.16,,8.68,,3.16,4.36,7.52,112.26,101.33,10.93
89,Notre Dame,ACC,,15,18,72.6,72.5,0.15,,7.27,,3.1,4.32,7.42,112.55,102.14,10.41
90,Georgia Tech,ACC,,17,16,73.4,72.4,0.94,,6.36,,3.68,3.62,7.3,108.75,98.7,10.05
91,Nevada-Las Vegas,MWC,,18,15,69.2,68.1,1.12,,5.91,,-0.24,7.27,7.03,109.55,99.4,10.15
92,Oklahoma State,Big 12,,15,17,72.6,76.5,-3.91,,10.76,,5.31,1.55,6.86,108.7,98.67,10.04
93,Yale,Ivy,,22,7,81.7,69.7,11.93,,-3.65,,5.2,1.58,6.78,113.76,103.98,9.78
94,Bradley,MVC,,26,8,76.8,68.8,8.03,,-0.04,,2.72,3.52,6.24,112.66,103.18,9.48
95,Washington,Big Ten,,13,18,71.6,75.5,-3.87,,10.73,,3.64,2.59,6.23,110.9,102.34,8.56
96,Virginia,ACC,,15,17,64.8,66.8,-2,,8.11,,-3.91,10.02,6.11,111.45,102.79,8.66
97,DePaul,Big East,,14,19,72.8,74.2,-1.42,,7.4,,4.27,1.7,5.98,111.21,103.26,7.95
98,NC State,ACC,,12,19,69.6,70.4,-0.81,,6.69,,-0.28,6.17,5.88,109.65,101.92,7.74
99,California,ACC,,14,19,75.6,76.8,-1.21,,7.06,,6.26,-0.41,5.85,111.44,103.26,8.17
100,Grand Canyon,WAC,,26,7,79.2,69.1,10.03,,-3.04,,5.31,0.5,5.81,107.66,100.21,7.45
101,High Point,Big South,,29,5,82.2,68.8,13.44,,-5.8,,5.84,-0.45,5.39,116.86,108.73,8.13
102,Northern Iowa,MVC,,20,12,73.6,67.2,6.41,,0.1,,0.24,5.11,5.35,111.5,103.32,8.19
103,Syracuse,ACC,,14,19,74.7,77.8,-3.09,,8.41,,5.64,-0.32,5.32,111.37,104.28,7.09
104,Arkansas State,Sun Belt,,24,10,79.2,70.1,9.03,,-2.78,,4.69,0.53,5.22,109.58,102.3,7.28
105,Lipscomb,A-Sun,,25,9,79.3,67.3,12,,-4.88,,1.05,4.01,5.06,111.53,103.62,7.91
106,Washington State,WCC,,19,14,78.8,78.4,0.45,,4.43,,7.74,-2.86,4.88,111.96,105.41,6.54
107,UAB,AAC,,22,12,82.5,76.2,6.29,,-0.71,,8.81,-4.4,4.41,115.86,109.2,6.66
108,Saint Louis,A-10,,19,14,74.2,70.3,3.91,,2.46,,2.16,2.14,4.3,110.07,103.66,6.41
109,St. Bonaventure,A-10,,22,11,69,64.9,4.09,,0.61,,-3.82,7.96,4.15,106.89,100.32,6.56
110,Florida Atlantic,AAC,,18,15,78.7,75.2,3.48,,2.05,,6.33,-2.25,4.08,111.45,105.75,5.71
111,Loyola (IL),A-10,,22,11,73.5,68.6,4.88,,0.34,,0.56,3.19,3.75,107.3,101.8,5.5
112,Troy,Sun Belt,,23,10,73.9,65.4,8.45,,-2.85,,-1.67,5.27,3.61,106.7,101.06,5.64
113,Akron,MAC,,28,6,84.6,74.5,10.06,,-4.52,,8.43,-4.89,3.54,111.63,106.94,4.69
114,George Washington,A-10,,21,12,73.6,67.8,5.82,,-1.7,,0.33,2.72,3.05,107.13,102.38,4.75
115,Virginia Tech,ACC,,13,19,69.2,73.2,-4,,6.99,,-0.81,3.8,2.99,107.88,104.22,3.66
116,Middle Tennessee,CUSA,,22,11,75.9,71.4,4.48,,1.21,,2.92,0.04,2.96,107.91,103.57,4.33
117,Wichita State,AAC,,19,14,73.8,72.6,1.24,,1.97,,1.93,0.85,2.78,106.25,102.39,3.86
118,Cal State Northridge,Big West,,22,10,80.6,72.5,8.16,,-3.28,,5.89,-3.24,2.66,107.22,103.93,3.29
119,South Dakota State,Summit,,20,12,79.6,73.5,6.06,,-1.49,,3.84,-1.36,2.48,109.42,106.28,3.14
120,UNC Wilmington,CAA,,27,7,79.4,69.9,9.47,,-4.5,,1.18,1.13,2.31,110.95,107.24,3.71
121,Utah Valley,WAC,,25,8,76.2,68,8.21,,-3.38,,0.29,2,2.3,105.39,102.33,3.06
122,Belmont,MVC,,22,11,79.3,76.6,2.7,,-0.02,,7.01,-4.97,2.04,111.83,108.69,3.13
123,Tulane,AAC,,19,14,74.9,69.8,5.12,,-0.95,,0.28,1.74,2.02,108.16,105.31,2.84
124,Illinois State,MVC,,19,14,75.5,71.9,3.58,,-0.12,,1.25,0.6,1.85,112.65,109.36,3.29
125,Duquesne,A-10,,13,19,69.1,67.3,1.78,,1.51,,-2.71,4.51,1.8,105.83,102.91,2.92
126,Louisiana Tech,CUSA,,20,12,73.9,68.4,5.5,,-0.4,,-1.56,3.34,1.77,107.68,105.37,2.31
127,North Alabama,A-Sun,,24,10,79.1,70.6,8.56,,-5.37,,2.23,-0.61,1.63,111.29,108.16,3.14
128,Northern Colorado,Big Sky,,25,9,80.9,72.4,8.44,,-3.82,,5.13,-3.53,1.6,111.07,108.85,2.22
129,Rhode Island,A-10,,18,13,78,75.1,2.94,,-0.37,,4.62,-3.03,1.6,108.29,106.24,2.05
130,Samford,Southern,,22,10,83.3,75.2,8.16,,-3.87,,7.19,-5.62,1.57,110.61,108.24,2.37
131,Davidson,A-10,,17,16,72.5,70.7,1.79,,0.97,,0.12,1.41,1.53,110.61,108.02,2.59
132,South Alabama,Sun Belt,,21,11,72.9,64.6,8.38,,-4.14,,-3.58,5.08,1.49,107.18,103.97,3.21
133,Loyola Marymount,WCC,,17,15,71.2,71.6,-0.34,,3.21,,-1.83,3.3,1.47,105.02,102.9,2.12
134,North Dakota State,Summit,,21,11,81.1,74.6,6.53,,-3.26,,3.93,-2.51,1.43,114.9,112.82,2.08
135,Jacksonville State,CUSA,,22,12,73.9,68.6,5.21,,0.04,,-1.61,3.01,1.39,108.1,105.85,2.25
136,St. Thomas,Summit,,24,10,83.1,74.8,8.32,,-4.19,,4.82,-3.49,1.33,112.29,110.31,1.98
137,New Mexico State,CUSA,,17,15,69.7,65.9,3.72,,0.72,,-4.79,5.96,1.17,104.55,102.05,2.5
138,Cornell,Ivy,,18,11,85.1,77.5,7.55,,-3.54,,8.17,-7.04,1.13,113.36,111.7,1.66
139,Chattanooga,Southern,,24,9,78.8,72,6.88,,-4.18,,3.89,-2.91,0.98,113.3,111.57,1.73
140,Kent State,MAC,,22,11,73.7,68.4,5.36,,-3.25,,-3.52,4.4,0.88,104.02,102.33,1.7
141,Murray State,MVC,,16,17,71.8,69.2,2.7,,0.43,,-1.96,2.79,0.84,106.27,104.36,1.9
142,San Jose State,MWC,,15,19,72.2,73.4,-1.18,,4.38,,0.26,0.56,0.82,107.01,106.42,0.59
143,Kennesaw State,CUSA,,19,14,76.5,73.2,3.3,,1.1,,2.44,-1.67,0.77,105.73,103.97,1.76
144,UC Santa Barbara,Big West,,21,13,74.3,68.8,5.5,,-3.01,,-1.21,1.98,0.77,107.92,106.93,0.99
145,Miami (FL),ACC,,7,24,74,80.6,-6.65,,7.3,,5.92,-5.27,0.65,114.74,113.95,0.79
146,Milwaukee,Horizon,,21,11,78.4,71.7,6.72,,-3.78,,1.35,-1,0.36,106.85,106.26,0.59
147,Seattle,WAC,,14,18,70.4,66.4,4.03,,-1,,-4.14,4.27,0.14,103.16,102.57,0.59
148,Boston College,ACC,,12,19,70.4,75.8,-5.39,,5.49,,0.74,-0.64,0.1,106.21,105.88,0.33
149,Temple,AAC,,17,15,78.8,77.7,1.03,,-0.05,,5.09,-5.01,0.08,108.95,108.81,0.14
150,Furman,Southern,,25,9,77.6,69.6,7.94,,-3.53,,-0.06,0.11,0.05,108.14,108.13,0.01
151,Seton Hall,Big East,,7,25,61.6,70.2,-8.63,,8.67,,-6.52,6.57,0.05,101.05,101.25,-0.21
152,Robert Morris,Horizon,,26,8,76.9,70.4,6.41,,-5.81,,0.5,-0.55,-0.05,105.08,105.03,0.05
153,Western Kentucky,CUSA,,17,15,74.8,74.8,0.09,,1.29,,1.71,-1.92,-0.21,103.3,103.08,0.22
154,UC Riverside,Big West,,21,12,75.2,74.2,0.94,,0.38,,2.09,-2.35,-0.26,107.47,107.77,-0.3
155,Wofford,Southern,,19,15,75.3,69.8,5.5,,-3.03,,-0.95,0.67,-0.28,110.63,110.69,-0.05
156,Wyoming,MWC,,12,20,67.2,71.2,-4,,4.58,,-4.78,4.49,-0.29,103.96,104.77,-0.81
157,UTEP,CUSA,,18,15,72.5,70.8,1.73,,0.67,,-0.33,0.03,-0.3,105.03,105.07,-0.05
158,College of Charleston,CAA,,24,9,77.2,73.8,3.39,,-3.11,,3.01,-3.34,-0.32,105.18,105.78,-0.6
159,East Carolina,AAC,,19,14,75.8,73.8,2.06,,-0.55,,0.24,-0.66,-0.42,107.17,107.37,-0.2
160,Illinois-Chicago,MVC,,17,14,76,73.7,2.29,,0.62,,2.77,-3.36,-0.59,106.18,107.03,-0.85
161,California Baptist,WAC,,17,15,71.3,70,1.22,,-1.94,,-2.08,1.36,-0.72,105.28,106.23,-0.96
162,Miami (OH),MAC,,25,9,80.6,72.7,7.85,,-5.28,,2.01,-2.85,-0.84,107.27,108.32,-1.06
163,UNC Greensboro,Southern,,20,12,72.9,65.4,7.5,,-4.02,,-5.07,4.19,-0.88,104.61,105.4,-0.79
164,East Tennessee State,Southern,,19,13,71.9,66.5,5.41,,-5.06,,-3.94,3.02,-0.93,105.54,106.21,-0.66
165,Purdue Fort Wayne,Horizon,,19,13,80.7,74.6,6.09,,-4.08,,4.48,-5.49,-1.02,108.65,110.43,-1.78
166,Texas A&M-Corpus Christi,Southland,,20,14,75.8,67.4,8.38,,-3.45,,-0.74,-0.31,-1.05,106.04,107.14,-1.1
167,Omaha,Summit,,22,12,78.1,75,3.03,,-2.86,,2.04,-3.12,-1.08,108.88,110.32,-1.44
168,Montana,Big Sky,,25,9,76.9,72.9,3.94,,-1.92,,1.67,-2.82,-1.14,109.2,110.78,-1.59
169,Winthrop,Big South,,23,11,84.7,78,6.71,,-3.93,,6.58,-8.03,-1.45,105.89,108.07,-2.18
170,James Madison,Sun Belt,,20,12,73.9,70.5,3.41,,-2.58,,-0.81,-0.8,-1.62,108.64,110.67,-2.03
171,Bryant,AEC,,23,11,82.4,73.9,8.5,,-7.55,,4.05,-5.73,-1.68,103.71,106.35,-2.64
172,Towson,CAA,,22,11,70,66.7,3.27,,-3.34,,-4.99,3.3,-1.69,104.65,106.87,-2.23
173,Rice,AAC,,13,19,70.3,70.3,0,,-1.88,,-2.93,1.09,-1.84,104.45,106.81,-2.36
174,South Florida,AAC,,13,19,74.4,74.5,-0.13,,0.12,,-1.01,-0.84,-1.85,103.11,105.44,-2.34
175,Cleveland State,Horizon,,21,12,72.8,66,6.82,,-4.04,,-5.13,3.26,-1.88,101.6,104.02,-2.43
176,Cal Poly,Big West,,16,19,82.1,82.9,-0.8,,-0.15,,9.94,-11.88,-1.95,108.45,111.4,-2.95
177,Florida Gulf Coast,A-Sun,,18,14,72.5,69.8,2.75,,-4.32,,-2.92,0.89,-2.03,106.44,108.8,-2.36
178,Marshall,Sun Belt,,20,13,75.7,71.7,4.03,,-4.43,,-0.24,-1.93,-2.17,103.44,106.07,-2.63
179,Southern Illinois,MVC,,14,19,72.9,74.5,-1.61,,1.12,,-0.28,-1.9,-2.17,105.17,107.66,-2.49
180,Lamar,Southland,,20,13,69.9,65.8,4.12,,-2.67,,-6.04,3.84,-2.2,100.15,102.75,-2.61
181,Nicholls State,Southland,,20,13,74,69.6,4.45,,-2.54,,-0.34,-1.87,-2.21,103.69,106.57,-2.87
182,UTSA,AAC,,12,19,76.7,76.8,-0.13,,0.74,,2.78,-5.11,-2.33,107.1,110.09,-2.99
183,Montana State,Big Sky,,15,18,71.3,69.6,1.7,,-2.33,,-3.3,0.91,-2.39,104.4,107.81,-3.41
184,Appalachian State,Sun Belt,,17,14,67.8,63.5,4.26,,-3.72,,-9.3,6.83,-2.47,99.09,101.77,-2.69
185,Massachusetts,A-10,,12,20,72.9,75,-2.06,,0.75,,1.27,-3.75,-2.48,101.95,105.53,-3.58
186,Radford,Big South,,20,13,74,70.1,3.85,,-3.2,,-4.1,1.61,-2.49,108.15,111.16,-3
187,Ohio,MAC,,16,16,79.8,76.5,3.28,,-4.27,,3.01,-5.54,-2.53,105.27,109.06,-3.79
188,Pepperdine,WCC,,13,22,73.1,76.6,-3.46,,2.81,,1.12,-3.7,-2.57,105.32,109.48,-4.16
189,Princeton,Ivy,,19,11,73.6,72.1,1.57,,-2.23,,-2.96,0.37,-2.59,104.11,107.93,-3.81
190,Sam Houston,CUSA,,13,19,75.3,76,-0.69,,1.58,,2.48,-5.06,-2.59,108.69,112.08,-3.39
191,Oakland,Horizon,,16,18,70.6,71.6,-1,,-0.97,,-3.55,0.85,-2.69,105.26,108.98,-3.72
192,Valparaiso,MVC,,15,19,74.7,73.9,0.76,,-0.08,,0.22,-3.08,-2.86,105.87,109.56,-3.69
193,La Salle,A-10,,14,19,72,74.7,-2.7,,1.6,,-1.21,-1.84,-3.05,103.24,107.27,-4.03
194,Hawaii,Big West,,15,16,70.1,71.2,-1.13,,-0.58,,-4,0.87,-3.13,102.69,107.67,-4.98
195,Indiana State,MVC,,14,18,80.1,79.5,0.56,,-0.63,,6.93,-10.06,-3.13,108.27,111.83,-3.56
196,Jacksonville,A-Sun,,19,13,72.1,71,1.09,,-3.27,,-4.71,1.47,-3.24,100.44,104.62,-4.18
197,Drexel,CAA,,18,15,70.4,66.9,3.48,,-5.33,,-6.56,3.2,-3.36,102.41,106.84,-4.42
198,Eastern Kentucky,A-Sun,,18,14,77.8,75.3,2.59,,-3.96,,1.87,-5.22,-3.36,107.74,112.43,-4.7
199,Texas State,Sun Belt,,16,16,76.2,73.3,2.91,,-3.68,,0.72,-4.23,-3.52,107.41,112.17,-4.76
200,Idaho State,Big Sky,,15,15,74.3,70,4.37,,-3.69,,-2.74,-0.88,-3.62,105,110.28,-5.28
201,Norfolk State,MEAC,,24,10,77.3,69,8.29,,-7.5,,-1.79,-1.84,-3.63,104.92,110.11,-5.18
202,Elon,CAA,,17,15,73.6,69.8,3.84,,-4.48,,-3.36,-0.32,-3.68,105.83,110.86,-5.03
203,Fordham,A-10,,12,21,74.3,78,-3.67,,1.17,,2.09,-5.95,-3.86,105.23,110.85,-5.62
204,Missouri State,MVC,,9,23,68,70.9,-2.91,,0.58,,-5.73,1.85,-3.88,100.91,106.39,-5.47
205,Youngstown State,Horizon,,21,13,76.4,71.9,4.5,,-5.01,,-2.28,-1.6,-3.88,100.42,106.02,-5.6
206,Portland State,Big Sky,,19,13,75.6,69.6,5.97,,-4.92,,-3.7,-0.36,-4.06,99.47,105.29,-5.83
207,Southeastern Louisiana,Southland,,18,14,72.6,69.8,2.88,,-4.73,,-3.05,-1.01,-4.06,102.93,108.6,-5.67
208,Central Connecticut State,NEC,,25,7,72.3,62.9,9.38,,-10.9,,-7.98,3.82,-4.16,98.32,104,-5.68
209,Northeastern,CAA,,17,15,70.1,69.7,0.44,,-4.78,,-3.38,-0.96,-4.34,101.33,107.66,-6.33
210,Central Michigan,MAC,,14,17,75.5,72.2,3.35,,-2.65,,-2.55,-1.8,-4.35,103.07,108.94,-5.87
211,South Carolina State,MEAC,,20,13,79.5,70.4,9.09,,-8.8,,-2.15,-2.21,-4.36,100.05,106.54,-6.49
212,Merrimack,MAAC,,18,15,65.6,64.2,1.39,,-5.77,,-9.25,4.88,-4.37,97.33,103.4,-6.08
213,Longwood,Big South,,18,14,78.3,74.1,4.16,,-4.85,,-0.35,-4.08,-4.43,104.37,110.36,-6
214,Dartmouth,Ivy,,14,14,77.4,71.9,5.46,,-5.17,,-2.13,-2.35,-4.48,98.38,104.9,-6.52
215,Southeast Missouri State,OVC,,21,12,74,67,6.97,,-7.65,,-2.98,-1.7,-4.68,100.77,107.36,-6.59
216,Hofstra,CAA,,15,18,66.7,64.9,1.85,,-3.63,,-9.88,5.15,-4.73,96.46,103.43,-6.97
217,Queens (NC),A-Sun,,19,14,76.6,74.1,2.48,,-4.55,,0.03,-4.8,-4.77,104.39,110.66,-6.27
218,Northern Kentucky,Horizon,,17,16,71.8,72,-0.18,,-3.14,,-4.38,-0.41,-4.79,101.91,109.21,-7.31
219,Richmond,A-10,,10,22,66.8,71.9,-5.16,,2.04,,-5.5,0.61,-4.89,102.65,110.11,-7.46
220,Wright State,Horizon,,15,18,77.3,76.4,0.94,,-3.81,,1.17,-6.08,-4.91,107.4,113.95,-6.55
221,Brown,Ivy,,14,13,72.2,71.6,0.63,,-4,,-4.62,-0.3,-4.92,100.3,107.5,-7.2
222,Hampton,CAA,,17,16,72.5,70,2.48,,-3.73,,-5.21,0.28,-4.93,102.05,108.62,-6.57
223,Northwestern State,Southland,,16,16,67.1,68.9,-1.81,,-1.43,,-7.35,2.29,-5.06,100.71,108.15,-7.44
224,Bucknell,Patriot,,18,15,74,73.2,0.88,,-5.95,,-0.88,-4.19,-5.08,101.08,108.11,-7.03
225,Charlotte,AAC,,11,22,70.5,74.5,-4,,-0.3,,-3.15,-1.96,-5.11,105.05,112.55,-7.5
226,UNC Asheville,Big South,,21,11,82.2,76.6,5.63,,-4.47,,1.35,-6.47,-5.11,106.78,113.83,-7.05
227,Campbell,CAA,,15,17,70.2,67.8,2.41,,-4.74,,-6.08,0.9,-5.18,100.84,108.27,-7.43
228,UT Arlington,WAC,,13,18,74.3,74.8,-0.58,,-2.51,,0.17,-5.4,-5.24,105.62,112.81,-7.19
229,Fresno State,MWC,,6,26,70.7,80.7,-10,,4.76,,1.11,-6.36,-5.25,101.09,107.66,-6.56
230,Kansas City,Summit,,13,20,72.3,67.2,5.09,,-2.71,,-8.61,3.28,-5.33,99.5,106.93,-7.44
231,Cal State Bakersfield,Big West,,14,19,73.8,73.6,0.12,,-1.74,,-2.39,-3.03,-5.42,104.98,112.68,-7.7
232,South Dakota,Summit,,19,14,85.2,83.7,1.48,,-3.24,,9.01,-14.45,-5.44,107.6,115.23,-7.63
233,Abilene Christian,WAC,,16,16,70.6,70.3,0.31,,-2.02,,-5.14,-0.33,-5.47,96.75,104.68,-7.93
234,Quinnipiac,MAAC,,20,13,73.9,71.5,2.45,,-7.42,,-0.64,-5.01,-5.64,100.3,108.24,-7.94
235,Tulsa,AAC,,13,20,71.3,73.6,-2.36,,-1.66,,-4.18,-1.51,-5.69,100.68,108.75,-8.07
236,SIU Edwardsville,OVC,,22,11,72.6,66.1,6.48,,-8.48,,-6.55,0.71,-5.85,99.03,106.98,-7.95
237,Delaware,CAA,,16,20,77.2,77.9,-0.64,,-3.9,,3.42,-9.29,-5.87,107.2,115.98,-8.78
238,UC Davis,Big West,,15,17,68,70.3,-2.31,,-1.01,,-7.9,1.99,-5.91,96.01,104.68,-8.67
239,Toledo,MAC,,18,15,78.9,80.2,-1.27,,-2.7,,3.07,-9.02,-5.95,109.48,118.16,-8.68
240,William & Mary,CAA,,17,15,77.7,76.4,1.31,,-3.99,,2.91,-8.9,-5.99,106.17,114.07,-7.89
241,Evansville,MVC,,11,21,66,70.7,-4.69,,0.33,,-7.66,1.63,-6.03,96.55,105.16,-8.61
242,Northern Arizona,Big Sky,,18,15,75.8,71.2,4.64,,-5.45,,-3.42,-2.61,-6.04,102.48,111.36,-8.88
243,Texas-Rio Grande Valley,Southland,,16,15,76.7,74,2.71,,-3.48,,0.73,-6.87,-6.14,103,111.23,-8.23
244,Maine,AEC,,20,14,70.9,66.1,4.74,,-8.09,,-7.7,1.42,-6.28,98.13,106.83,-8.7
245,Florida International,CUSA,,10,23,69.2,72.1,-2.88,,-1.36,,-5.57,-0.86,-6.42,94.95,104.28,-9.33
246,Incarnate Word,Southland,,17,16,72.9,68.9,4.03,,-5.44,,-4.85,-1.62,-6.47,103.92,113.22,-9.3
247,Presbyterian,Big South,,14,18,74.3,70.7,3.63,,-4.35,,-5.75,-0.74,-6.49,102.7,112.01,-9.31
248,Little Rock,OVC,,19,14,69.3,67.2,2.06,,-7.52,,-7.81,1.09,-6.72,97.16,106.08,-8.92
249,Southern,SWAC,,20,12,74.8,68.3,6.5,,-7.8,,-5.96,-0.77,-6.73,96.31,105.38,-9.07
250,Pacific,WCC,,9,24,69.5,75.8,-6.21,,2.36,,-4.46,-2.37,-6.84,100.83,110.69,-9.86
251,American,Patriot,,22,12,68.6,67.3,1.38,,-6.54,,-7.84,0.83,-7.01,101.04,111.14,-10.1
252,North Dakota,Summit,,12,21,77.3,79.5,-2.24,,-1.18,,1.06,-8.15,-7.08,106.08,115.96,-9.88
253,Portland,WCC,,12,20,72.9,80.4,-7.5,,2.37,,0.19,-7.28,-7.09,103.66,113.48,-9.83
254,Siena,MAAC,,14,18,72.2,72.1,0.13,,-7.25,,-3.66,-3.47,-7.13,100.92,111.47,-10.56
255,Manhattan,MAAC,,17,13,76,74.5,1.5,,-8.22,,0.39,-7.64,-7.25,105.23,115.62,-10.4
256,Massachusetts-Lowell,AEC,,17,15,79.5,74.1,5.38,,-7.3,,1.05,-8.38,-7.33,106.23,116.46,-10.23
257,Georgia State,Sun Belt,,14,19,75.1,78.3,-3.15,,-2.87,,0.19,-7.56,-7.37,104.24,114.5,-10.25
258,Georgia Southern,Sun Belt,,17,16,74.2,75.9,-1.7,,-5.33,,-1.14,-6.25,-7.39,99.63,110.1,-10.47
259,Colgate,Patriot,,14,19,72.1,72.4,-0.27,,-6.16,,-3.31,-4.16,-7.47,102.31,113.6,-11.29
260,Harvard,Ivy,,12,15,68.4,72,-3.59,,-3.61,,-6.63,-0.94,-7.57,99.06,110.31,-11.25
261,Idaho,Big Sky,,14,19,73.6,75.5,-1.91,,-3.08,,-1.68,-5.91,-7.6,105.48,116.76,-11.28
262,Air Force,MWC,,4,28,61.9,73.7,-11.72,,3.96,,-8.45,0.69,-7.75,99.03,111.05,-12.02
263,Ball State,MAC,,14,17,75.4,74.2,1.16,,-6.3,,-3.68,-4.08,-7.76,102.53,113.67,-11.13
264,Mount St. Mary's,MAAC,,22,12,70.4,69.8,0.56,,-7.28,,-5.57,-2.23,-7.79,97.5,108.74,-11.23
265,Vermont,AEC,,21,12,66.6,63.8,2.82,,-7.34,,-12.46,4.67,-7.79,96.52,107.51,-10.99
266,Tennessee State,OVC,,17,16,78.1,73.3,4.82,,-8.57,,0.08,-7.95,-7.87,100.68,111.46,-10.78
267,Monmouth,CAA,,13,20,70.3,75.4,-5.03,,-2.85,,-3.05,-4.83,-7.88,101.79,112.81,-11.02
268,Gardner-Webb,Big South,,11,20,73.8,78.1,-4.35,,-3.63,,-2.31,-5.67,-7.98,100.83,112.12,-11.29
269,North Florida,A-Sun,,15,17,82.8,84.8,-1.91,,-3.26,,6.26,-14.25,-7.99,107.03,117.86,-10.83
270,San Diego,WCC,,6,27,70.1,79.7,-9.55,,1.94,,-1.72,-6.34,-8.06,99.3,110.2,-10.9
271,Stephen F. Austin,Southland,,14,17,66.6,68.3,-1.71,,-3.43,,-8.33,0.19,-8.14,93.36,104.88,-11.52
272,Houston Christian,Southland,,12,20,66,69.4,-3.41,,-2.99,,-8.46,0.27,-8.19,98.6,110.94,-12.34
273,Iona,MAAC,,17,17,69.7,70.5,-0.79,,-7.51,,-6.1,-2.21,-8.3,96.11,107.8,-11.69
274,Mercer,Southern,,14,19,76.1,75.3,0.79,,-5.03,,-1.8,-6.56,-8.36,97.84,109.18,-11.34
275,Eastern Washington,Big Sky,,10,22,71.3,75.5,-4.13,,-1.7,,-4.58,-3.85,-8.43,100.56,113.09,-12.53
276,Marist,MAAC,,20,10,66,64.5,1.5,,-10.19,,-10.65,1.96,-8.69,95.06,107.84,-12.79
277,Sacred Heart,MAAC,,15,18,75.8,75.2,0.64,,-8.14,,-0.24,-8.5,-8.73,101.42,113.95,-12.52
278,Columbia,Ivy,,12,15,78.4,78.1,0.3,,-5.46,,1.56,-10.5,-8.94,104.01,116.48,-12.47
279,Eastern Michigan,MAC,,16,16,73.6,76.5,-2.94,,-5.3,,-2.94,-6.2,-9.13,102.03,114.98,-12.95
280,Austin Peay,A-Sun,,14,19,71.6,74.9,-3.33,,-3.44,,-5.96,-3.19,-9.15,99.46,112.21,-12.76
281,Jackson State,SWAC,,16,18,71.4,74.6,-3.15,,-6,,-4.54,-4.61,-9.15,98.02,110.12,-12.09
282,Alabama State,SWAC,,19,15,73.4,72.2,1.21,,-8.93,,-4.58,-4.65,-9.23,98.95,111.68,-12.73
283,Weber State,Big Sky,,12,22,71.9,71.9,0,,-2.81,,-6.34,-2.96,-9.3,99.77,113.55,-13.78
284,Bowling Green State,MAC,,14,18,73.5,73.9,-0.44,,-5.95,,-4.69,-4.69,-9.38,97.41,110.35,-12.94
285,Western Michigan,MAC,,12,20,72.1,76,-3.97,,-4.04,,-4.38,-5.05,-9.43,99.93,113.24,-13.31
286,Albany (NY),AEC,,17,16,74.6,73.8,0.79,,-8.26,,-3.06,-6.39,-9.45,101.06,114.41,-13.35
287,Old Dominion,Sun Belt,,15,20,67.9,71.5,-3.6,,-4.1,,-7,-2.56,-9.56,97.98,111.3,-13.32
288,Navy,Patriot,,15,19,70.8,70.4,0.41,,-8.48,,-5.51,-4.09,-9.61,99.57,113.46,-13.89
289,Long Beach State,Big West,,7,25,67.3,74.2,-6.94,,-0.05,,-7.59,-2.22,-9.82,99.34,114.03,-14.69
290,Southern Mississippi,Sun Belt,,11,22,71.3,76,-4.7,,-3.28,,-3.74,-6.12,-9.86,95.65,109.18,-13.53
291,Utah Tech,WAC,,7,26,69.8,76,-6.15,,-1.25,,-4.44,-5.45,-9.89,99.86,113.55,-13.68
292,Lafayette,Patriot,,13,20,68.5,68.9,-0.39,,-8.06,,-8.26,-1.64,-9.9,96.14,110.25,-14.1
293,Tarleton State,WAC,,12,20,63.3,69.6,-6.31,,0.04,,-12.76,2.8,-9.96,92.01,106.37,-14.36
294,Bethune-Cookman,SWAC,,17,16,68.6,72.2,-3.52,,-6.5,,-6.63,-3.38,-10.01,95.42,109.65,-14.23
295,Lehigh,Patriot,,11,19,70.3,71.4,-1.1,,-6.46,,-6.02,-4.02,-10.03,97.82,112.97,-15.14
296,Texas Southern,SWAC,,15,17,72.7,72.1,0.56,,-8.01,,-6.15,-3.9,-10.04,93.63,107.23,-13.6
297,Denver,Summit,,11,21,72.4,77.6,-5.22,,-2.67,,-6.17,-3.88,-10.05,97.45,111.79,-14.34
298,Pennsylvania,Ivy,,8,19,69.6,77.4,-7.81,,-2.45,,-3.98,-6.28,-10.26,100.2,115.16,-14.96
299,Southern Utah,WAC,,12,19,69.8,73.7,-3.94,,-1.77,,-6.18,-4.09,-10.27,95.79,109.81,-14.02
300,Saint Peter's,MAAC,,12,16,66,65.8,0.21,,-8.18,,-12.79,2.42,-10.36,92.48,107.76,-15.28
301,Louisiana,Sun Belt,,12,21,65.4,73,-7.61,,-2.28,,-7.93,-2.72,-10.65,96.54,111.97,-15.43
302,Long Island University,NEC,,17,16,67.7,65.3,2.39,,-9.7,,-11.34,0.64,-10.7,92.54,107.19,-14.65
303,Boston University,Patriot,,16,16,67.1,68.5,-1.34,,-8.15,,-10.65,-0.12,-10.77,95.84,111.72,-15.89
304,Charleston Southern,Big South,,10,22,72.1,78.2,-6.13,,-2.15,,-5.61,-5.21,-10.82,96.92,111.84,-14.92
305,Tennessee Tech,OVC,,15,17,72.1,74.1,-1.97,,-7.6,,-4.95,-5.91,-10.86,98.15,113.64,-15.48
306,Tennessee-Martin,OVC,,14,19,74.4,71.9,2.48,,-7.99,,-5.35,-5.64,-10.99,98.71,114.64,-15.92
307,VMI,Southern,,15,19,73.3,73.1,0.15,,-4.76,,-5.75,-5.37,-11.12,97.95,113.8,-15.84
308,Maryland-Baltimore County,AEC,,13,19,80,78.8,1.16,,-7.9,,1.77,-13.01,-11.24,103.41,119.42,-16.01
309,Oral Roberts,Summit,,7,23,73.3,78.5,-5.2,,-0.49,,-3.37,-8.04,-11.42,101.4,117.96,-16.56
310,IU Indy,Horizon,,10,22,75.1,76.8,-1.75,,-4.23,,-2.84,-8.67,-11.51,107.09,123.96,-16.87
311,Loyola (MD),Patriot,,12,19,69.2,71.1,-1.94,,-8.22,,-7.35,-4.24,-11.58,97.64,114.5,-16.86
312,FDU,NEC,,13,20,73.7,73.2,0.48,,-7.84,,-4.44,-7.3,-11.74,96.43,113.02,-16.59
313,Howard,MEAC,,12,20,77.5,79.3,-1.81,,-6.63,,-0.94,-10.83,-11.77,101.73,118.3,-16.57
314,Rider,MAAC,,14,19,67,71.8,-4.82,,-7,,-8.39,-3.43,-11.82,98.99,116.78,-17.79
315,Delaware State,MEAC,,16,14,78.7,74.3,4.37,,-8.8,,-2.39,-9.61,-12,97.97,114.96,-16.99
316,Coastal Carolina,Sun Belt,,10,22,66.8,71.1,-4.34,,-5.84,,-9.67,-2.36,-12.04,99.01,116.98,-17.98
317,Holy Cross,Patriot,,13,19,69.6,72.1,-2.5,,-7.1,,-6.43,-5.84,-12.27,99.55,117.69,-18.14
318,Grambling,SWAC,,12,22,66.8,67.7,-0.88,,-7.45,,-12.77,0.45,-12.32,93.83,111.2,-17.37
319,East Texas A&M,Southland,,5,26,64.4,74.9,-10.52,,-1.88,,-8.62,-3.77,-12.39,93.99,111.71,-17.72
320,Eastern Illinois,OVC,,12,19,66.5,69,-2.52,,-5.72,,-11.63,-0.8,-12.43,91.21,108.98,-17.77
321,Army,Patriot,,16,15,73.2,75.1,-1.9,,-7.26,,-4.32,-8.15,-12.47,97.8,115.83,-18.03
322,Niagara,MAAC,,11,20,68.5,71.4,-2.97,,-8.3,,-7.65,-4.88,-12.53,98.66,117.21,-18.56
323,Saint Francis (PA),NEC,,16,17,71.1,71.6,-0.48,,-7.07,,-5.74,-6.79,-12.53,97.16,115.17,-18.01
324,North Carolina Central,MEAC,,14,19,78.8,75.8,3,,-7.82,,-3.99,-8.69,-12.68,100.48,118.61,-18.13
325,Stonehill,NEC,,15,17,68.7,70.1,-1.38,,-9.3,,-9.11,-3.76,-12.87,98.1,116.84,-18.75
326,North Carolina A&T,CAA,,7,25,69.2,76.2,-7.06,,-4.03,,-5.72,-7.28,-13,95.37,113.88,-18.51
327,Lindenwood,OVC,,16,17,71.2,71.3,-0.18,,-7.11,,-7.36,-5.65,-13.01,91.29,109.91,-18.62
328,Florida A&M,SWAC,,14,17,72.1,75.3,-3.19,,-5.79,,-6.09,-7.05,-13.14,98.54,116.9,-18.36
329,Binghamton,AEC,,15,17,69.8,71.5,-1.69,,-8.85,,-8.59,-4.64,-13.23,95.56,114.85,-19.29
330,Green Bay,Horizon,,4,28,69.9,80.3,-10.41,,-2.55,,-3.7,-9.53,-13.23,98.93,117.9,-18.97
331,Detroit Mercy,Horizon,,8,24,67.1,75.9,-8.81,,-3.08,,-8.6,-4.83,-13.43,92.76,112.33,-19.57
332,Morehead State,OVC,,15,17,66.1,68.7,-2.59,,-7.37,,-11.73,-1.78,-13.51,95,114.1,-19.1
333,Stony Brook,CAA,,8,24,66.5,74.1,-7.63,,-4.15,,-8.26,-5.31,-13.57,99.16,119.18,-20.01
334,Southern Indiana,OVC,,10,20,71.5,73.5,-2,,-8.21,,-7.21,-6.46,-13.67,96.09,115.93,-19.84
335,Sacramento State,Big Sky,,7,25,66.2,70.5,-4.31,,-3.67,,-11.26,-2.44,-13.7,93.43,113.95,-20.52
336,Alcorn State,SWAC,,11,21,65,72.1,-7.06,,-6.69,,-10.87,-2.91,-13.79,95.23,114.7,-19.47
337,Fairfield,MAAC,,12,20,67.5,72.6,-5.09,,-7.4,,-8.75,-5.48,-14.23,95.81,116.64,-20.83
338,Central Arkansas,A-Sun,,9,24,70.2,78.1,-7.88,,-3.79,,-7.13,-7.54,-14.66,95.17,116.12,-20.95
339,Bellarmine,A-Sun,,5,26,72.6,80.1,-7.48,,-4.37,,-4.4,-10.35,-14.75,102.6,124.1,-21.51
340,Morgan State,MEAC,,14,18,80,80.8,-0.78,,-8.32,,-1.18,-13.71,-14.89,98.3,119.02,-20.72
341,Buffalo,MAC,,9,22,71.8,80.9,-9.1,,-3.7,,-5.59,-9.36,-14.94,94.37,114.99,-20.62
342,Louisiana-Monroe,Sun Belt,,7,25,68.9,75.5,-6.63,,-4.22,,-7.95,-7.06,-15.02,94.33,115.9,-21.57
343,Western Illinois,OVC,,12,19,68.7,71.3,-2.61,,-8.35,,-9.58,-5.49,-15.07,97.06,119.19,-22.14
344,West Georgia,A-Sun,,6,25,69,78.3,-9.23,,-4.01,,-7.99,-7.09,-15.08,95.19,116.52,-21.34
345,New Orleans,Southland,,4,27,67.9,82.5,-14.55,,-0.61,,-4.24,-10.92,-15.16,96.42,117.67,-21.25
346,Mercyhurst,NEC,,15,16,67.9,69.9,-2,,-9.39,,-9.92,-5.44,-15.36,96.43,119.47,-23.04
347,Cal State Fullerton,Big West,,6,26,63.3,77.3,-14.09,,0.87,,-9.82,-5.65,-15.46,91.97,113.79,-21.82
348,South Carolina Upstate,Big South,,6,26,74.8,83.5,-8.75,,-2.49,,-2.04,-13.42,-15.46,96.51,117.13,-20.62
349,Wagner,NEC,,14,16,62.5,60.6,1.87,,-10,,-18.85,3.39,-15.47,88.75,112.09,-23.33
350,Western Carolina,Southern,,8,22,69.7,79,-9.37,,-2.24,,-7.03,-8.7,-15.73,91.63,112.93,-21.3
351,Stetson,A-Sun,,8,24,71.7,81.5,-9.84,,-4.2,,-6.32,-9.88,-16.2,96.74,119.59,-22.85
352,Northern Illinois,MAC,,6,25,70.9,76.9,-5.94,,-4.38,,-8.41,-8.04,-16.46,91.05,113.81,-22.77
353,Le Moyne,NEC,,9,23,74.1,80.2,-6.09,,-8.07,,-3.1,-14.44,-17.54,98.62,124.09,-25.47
354,NJIT,AEC,,6,25,65.3,73.2,-7.94,,-7.57,,-12.28,-5.36,-17.64,90.23,116.08,-25.85
355,The Citadel,Southern,,5,25,66.6,75,-8.47,,-4.41,,-12.56,-5.74,-18.3,92.43,119.35,-26.92
356,Canisius,MAAC,,3,28,64.8,78.6,-13.84,,-5.16,,-8.76,-10.24,-19,96.61,124.78,-28.17
357,Prairie View,SWAC,,5,27,71.4,82.4,-10.97,,-7.12,,-5.8,-13.33,-19.12,94.85,121.26,-26.4
358,New Hampshire,AEC,,8,24,66.4,76.6,-10.19,,-7.18,,-11.45,-8.06,-19.51,89.81,117.43,-27.62
359,Alabama A&M,SWAC,,10,22,73,78.8,-5.75,,-9.77,,-7.96,-12.4,-20.36,89.06,117.78,-28.72
360,Maryland-Eastern Shore,MEAC,,6,25,67.4,77.7,-10.32,,-4.3,,-12.47,-8.01,-20.48,91.54,120.54,-29
361,Chicago State,NEC,,4,28,62.5,78.7,-16.16,,-4.64,,-11.89,-8.9,-20.79,87.72,116.96,-29.24
362,Coppin State,MEAC,,6,24,62.2,76.4,-14.17,,-5.44,,-14.55,-6.44,-20.99,84.78,114.85,-30.07
363,Arkansas-Pine Bluff,SWAC,,6,25,72.3,83.9,-11.61,,-8.22,,-6.39,-17.73,-24.12,92.39,124.7,-32.31
364,Mississippi Valley State,SWAC,,3,28,54.1,80.8,-26.71,,-4.48,,-22.52,-11.79,-34.3,77.64,128.24,-50.6
